Date;PX_LAST;PX_VOLUME
13.06.2023;0.85;NA
12.06.2023;0.817;41897477
09.06.2023;0.808;19615617
08.06.2023;0.811;20919821
07.06.2023;0.8102;20326119
06.06.2023;0.8096;24732428
05.06.2023;0.8032;16247169
02.06.2023;0.7946;13449665
01.06.2023;0.7766;19577842
31.05.2023;0.7534;220962976
30.05.2023;0.7732;22783116
26.05.2023;0.792;17722122
25.05.2023;0.7844;7657929
24.05.2023;0.7914;7257439
23.05.2023;0.8038;7301794
22.05.2023;0.7988;9459439
19.05.2023;0.7932;21924497
17.05.2023;0.7724;9598638
16.05.2023;0.759;13247059
15.05.2023;0.7632;5838097
12.05.2023;0.7646;5710428
11.05.2023;0.76;13775271
10.05.2023;0.7624;7498788
09.05.2023;0.771;11380487
08.05.2023;0.7736;4597674
05.05.2023;0.777;9774560
04.05.2023;0.7392;15492111
03.05.2023;0.765;8457904
02.05.2023;0.7802;11667287
28.04.2023;0.8004;10251414
27.04.2023;0.7932;9328623
26.04.2023;0.7916;13401453
25.04.2023;0.785;16781776
24.04.2023;0.795;10059398
21.04.2023;0.79;20592574
20.04.2023;0.797;14604127
19.04.2023;0.8162;14437181
18.04.2023;0.827;10023851
17.04.2023;0.8178;18493182
14.04.2023;0.8558;19552764
13.04.2023;0.8416;17649243
12.04.2023;0.8362;27457437
11.04.2023;0.81;18503864
06.04.2023;0.8026;22877017
05.04.2023;0.7974;14173959
04.04.2023;0.81;14934151
03.04.2023;0.8032;21360007
31.03.2023;0.8226;22824910
30.03.2023;0.812;35158866
29.03.2023;0.7998;52466548
28.03.2023;0.7688;28513488
27.03.2023;0.7632;24444925
24.03.2023;0.7592;46801237
23.03.2023;0.8008;39911124
22.03.2023;0.8308;60809004
21.03.2023;0.8834;101127749
20.03.2023;0.8232;307150440
17.03.2023;1.86;123371977
16.03.2023;2.022;218118038
15.03.2023;1.697;301403698
14.03.2023;2.24;78243911
13.03.2023;2.257;111961855
10.03.2023;2.496;55034570
09.03.2023;2.623;31787995
08.03.2023;2.675;16650725
07.03.2023;2.695;13835809
06.03.2023;2.756;17468805
03.03.2023;2.784;31314665
02.03.2023;2.57;57159030
01.03.2023;2.762;18005165
28.02.2023;2.852;22639584
27.02.2023;2.835;17745599
24.02.2023;2.77;14496949
23.02.2023;2.775;22221513
22.02.2023;2.719;20996496
21.02.2023;2.657;51734167
20.02.2023;2.771;15144965
17.02.2023;2.73;23505525
16.02.2023;2.799;30660346
15.02.2023;2.794;18484648
14.02.2023;2.783;24888886
13.02.2023;2.729;31732541
10.02.2023;2.866;51328728
09.02.2023;2.773;122160844
08.02.2023;3.252;22274703
07.02.2023;3.233;15395353
06.02.2023;3.2;23267251
03.02.2023;3.316;20458611
02.02.2023;3.352;37922608
01.02.2023;3.208;24113885
31.01.2023;3.127;20173098
30.01.2023;3.149;19457716
27.01.2023;3.21;26828006
26.01.2023;3.172;27277701
25.01.2023;3.094;17793454
24.01.2023;3.184;28235015
23.01.2023;3.15;20877231
20.01.2023;3.081;22424846
19.01.2023;2.982;32716817
18.01.2023;3.188;24109577
17.01.2023;3.187;14625890
16.01.2023;3.178;12670789
13.01.2023;3.125;22671927
12.01.2023;3.197;27118706
11.01.2023;3.11;27217964
10.01.2023;3.058;15576411
09.01.2023;3.061;21991262
06.01.2023;2.965;12420300
05.01.2023;2.961;20424355
04.01.2023;2.96;21586807
03.01.2023;2.9;25997904
30.12.2022;2.764;14218036
29.12.2022;2.819;12067364
28.12.2022;2.767;12578993
27.12.2022;2.85;9809510
23.12.2022;2.846;14494699
22.12.2022;2.785;13868385
21.12.2022;2.82;14784450
20.12.2022;2.73;26165756
19.12.2022;2.779;18123860
16.12.2022;2.825;46632957
15.12.2022;2.83;26346497
14.12.2022;2.896;33295628
13.12.2022;3.07;25749897
12.12.2022;3.089;24054738
09.12.2022;3.141;41039601
08.12.2022;2.942;20939665
07.12.2022;2.851;18546606
06.12.2022;2.956;77853239
05.12.2022;3.034;78637787
02.12.2022;2.95;88677796
01.12.2022;2.699;67874181
30.11.2022;2.822;54565233
29.11.2022;2.902;66133409
28.11.2022;3.01;55803284
25.11.2022;3.1407;49535891
24.11.2022;3.3612;18590473
23.11.2022;3.4265;29611509
22.11.2022;3.6499;12625274
21.11.2022;3.7427;10887125
18.11.2022;3.8392;12054516
17.11.2022;3.8998;10856875
16.11.2022;3.9007;11362962
15.11.2022;4.0531;14618958
14.11.2022;4.0588;14469000
11.11.2022;4.0389;29693770
10.11.2022;3.8705;17207877
09.11.2022;3.7919;14444010
08.11.2022;3.9178;11153037
07.11.2022;3.8525;13720599
04.11.2022;3.9623;13089780
03.11.2022;3.8818;12745711
02.11.2022;3.8998;10700372
01.11.2022;3.9755;13991430
31.10.2022;3.9093;28708069
28.10.2022;3.7162;29469011
27.10.2022;3.6698;67055577
26.10.2022;4.5084;13482519
25.10.2022;4.5321;12607664
24.10.2022;4.4431;14134103
21.10.2022;4.3343;13282787
20.10.2022;4.3381;9357658
19.10.2022;4.3788;11364255
18.10.2022;4.3579;16227166
17.10.2022;4.2907;11894406
14.10.2022;4.1809;16938272
13.10.2022;4.2301;17728617
12.10.2022;3.9765;13551732
11.10.2022;4.1506;15708524
10.10.2022;4.1194;21559128
07.10.2022;4.2055;26530318
06.10.2022;3.9916;22357296
05.10.2022;3.8903;23656404
04.10.2022;4.0588;23628650
03.10.2022;3.7285;41749029
30.09.2022;3.7635;13905396
29.09.2022;3.6234;16495285
28.09.2022;3.7872;24778364
27.09.2022;3.7521;15480989
26.09.2022;3.8335;19817776
23.09.2022;3.8534;38307072
22.09.2022;4.3986;19891765
21.09.2022;4.6542;8377869
20.09.2022;4.6372;7427195
19.09.2022;4.7384;9073960
16.09.2022;4.7479;29267584
15.09.2022;4.8501;7912713
14.09.2022;4.8426;7903660
13.09.2022;4.8729;9697595
12.09.2022;5.0489;9856936
09.09.2022;4.9031;8653817
08.09.2022;4.7687;8046855
07.09.2022;4.7072;6709947
06.09.2022;4.7328;6532281
05.09.2022;4.7318;9240979
02.09.2022;4.8842;12201848
01.09.2022;4.6021;13310433
31.08.2022;4.7896;8668006
30.08.2022;4.8426;5678013
29.08.2022;4.835;5062665
26.08.2022;4.8464;8092400
25.08.2022;4.9543;8822385
24.08.2022;4.8691;9339857
23.08.2022;4.852;9971004
22.08.2022;4.7366;12628116
19.08.2022;4.7763;9280988
18.08.2022;4.9694;5143696
17.08.2022;4.9297;11099677
16.08.2022;5.1398;6096244
15.08.2022;5.1303;6130647
12.08.2022;5.189;7178933
11.08.2022;5.0981;9067794
10.08.2022;5.066;10000948
09.08.2022;4.9088;8539912
08.08.2022;5.0811;7550238
05.08.2022;4.9732;6980813
04.08.2022;5.0054;9142634
03.08.2022;4.9221;9089798
02.08.2022;4.9164;15531376
29.07.2022;5.2439;13595658
28.07.2022;5.0981;18191842
27.07.2022;4.9315;20167719
26.07.2022;4.8823;10524229
25.07.2022;5.0906;10698416
22.07.2022;5.0489;8798222
21.07.2022;5.1455;11471424
20.07.2022;5.1814;7527846
19.07.2022;5.2023;11533000
18.07.2022;5.0603;12651166
15.07.2022;4.8975;14135974
14.07.2022;4.835;10129893
13.07.2022;5.0092;12679552
12.07.2022;5.206;8965144
11.07.2022;5.1171;6462697
08.07.2022;5.2458;9461178
07.07.2022;5.1341;9726559
06.07.2022;5.0243;8908017
05.07.2022;5.0224;13028258
04.07.2022;5.2515;6625514
01.07.2022;5.1341;8054848
30.06.2022;5.1303;15240659
29.06.2022;5.2969;8333186
28.06.2022;5.4219;8718610
27.06.2022;5.4332;12666789
24.06.2022;5.4143;17178472
23.06.2022;5.1493;13587423
22.06.2022;5.4465;8931546
21.06.2022;5.473;9402392
20.06.2022;5.4976;5547935
17.06.2022;5.4124;24054792
16.06.2022;5.3045;18677276
15.06.2022;5.5771;14832165
14.06.2022;5.5885;19173353
13.06.2022;5.6604;17369099
10.06.2022;5.8667;20290717
09.06.2022;6.2226;33207538
08.06.2022;6.5918;55440457
07.06.2022;6.3514;8796411
03.06.2022;6.2454;5343385
02.06.2022;6.2984;6432398
01.06.2022;6.3059;8667681
31.05.2022;6.3703;22604175
30.05.2022;6.7149;8024013
27.05.2022;6.5937;12754544
25.05.2022;6.3892;6313812
24.05.2022;6.376;10288599
23.05.2022;6.4366;9231135
20.05.2022;6.2302;8461705
19.05.2022;6.1791;11138905
18.05.2022;6.2851;11814003
17.05.2022;6.3381;11039240
16.05.2022;6.1715;10368013
13.05.2022;6.1602;13290120
12.05.2022;5.9765;12980632
11.05.2022;6.0239;13986266
10.05.2022;5.9292;13155666
09.05.2022;5.9406;10379262
06.05.2022;6.2927;9502965
05.05.2022;6.3571;12360699
04.05.2022;6.5426;9692060
03.05.2022;6.5255;13085946
02.05.2022;6.198;12696727
29.04.2022;6.3589;13560915
28.04.2022;6.0239;14907028
27.04.2022;6.0826;18635895
26.04.2022;6.2473;14234712
25.04.2022;6.3665;12526226
22.04.2022;6.5918;8557704
21.04.2022;6.7546;9403423
20.04.2022;6.7868;12845836
19.04.2022;6.889;7147832
14.04.2022;6.7944;8487297
13.04.2022;6.7243;7057606
12.04.2022;6.7716;8046751
11.04.2022;6.9117;7872593
08.04.2022;6.8909;7445798
07.04.2022;6.7451;8663167
06.04.2022;6.8095;9372088
05.04.2022;6.942;8412728
04.04.2022;7.0992;7170180
01.04.2022;7.0348;7468210
31.03.2022;6.9477;11614542
30.03.2022;7.1219;10727123
29.03.2022;7.2639;16092286
28.03.2022;7.0026;15036742
25.03.2022;7.1541;5510820
24.03.2022;7.1503;9384976
23.03.2022;7.1995;6816008
22.03.2022;7.3055;9714374
21.03.2022;7.1825;8460913
18.03.2022;7.1806;28298814
17.03.2022;7.0764;12247616
16.03.2022;7.1446;20754653
15.03.2022;6.7546;13231947
14.03.2022;6.8739;13220761
11.03.2022;6.6959;14276514
10.03.2022;6.5331;17844396
09.03.2022;6.7338;25366112
08.03.2022;6.2851;24342880
07.03.2022;6.1886;27532792
04.03.2022;6.4688;25140400
03.03.2022;6.908;13562183
02.03.2022;6.9761;20042355
01.03.2022;6.9098;21638151
28.02.2022;7.3415;17998990
25.02.2022;7.421;17930014
24.02.2022;7.1294;25001321
23.02.2022;7.4853;10072789
22.02.2022;7.5781;14230313
21.02.2022;7.6008;17411093
18.02.2022;7.8431;10942719
17.02.2022;7.917;12475228
16.02.2022;8.0003;8494620
15.02.2022;7.9681;14268927
14.02.2022;7.8678;18796544
11.02.2022;8.1517;19421663
10.02.2022;8.1744;33163976
09.02.2022;8.7537;12426336
08.02.2022;8.6061;11006457
07.02.2022;8.4773;9903305
04.02.2022;8.3316;9879426
03.02.2022;8.4054;7729781
02.02.2022;8.3997;9390294
01.02.2022;8.3959;9714238
31.01.2022;8.2918;11331026
28.01.2022;8.1063;9756622
27.01.2022;8.2218;13422565
26.01.2022;8.1158;18572654
25.01.2022;7.7598;24575011
24.01.2022;7.8337;32400044
21.01.2022;8.4054;16003782
20.01.2022;8.6401;9499990
19.01.2022;8.5796;10798887
18.01.2022;8.7121;9718430
17.01.2022;8.8313;11014147
14.01.2022;9.0358;8121726
13.01.2022;9.068;9535425
12.01.2022;8.8427;6025436
11.01.2022;8.8313;13080210
10.01.2022;8.8995;15188460
07.01.2022;8.7878;10442201
06.01.2022;8.7802;8652530
05.01.2022;8.7518;6363076
04.01.2022;8.7045;11852335
03.01.2022;8.6004;11291882
30.12.2021;8.3978;4371494
29.12.2021;8.3884;4802032
28.12.2021;8.5095;4227296
27.12.2021;8.4773;4749485
23.12.2021;8.4641;6666673
22.12.2021;8.3107;5386757
21.12.2021;8.2634;11862726
20.12.2021;7.9832;15960674
17.12.2021;8.2274;20179487
16.12.2021;8.4016;9710401
15.12.2021;8.2274;8138939
14.12.2021;8.2653;7508453
13.12.2021;8.1953;10460557
10.12.2021;8.3448;8363482
09.12.2021;8.4527;9123956
08.12.2021;8.572;8818028
07.12.2021;8.5455;10573032
06.12.2021;8.4754;11831413
03.12.2021;8.3694;10230481
02.12.2021;8.4224;10667002
01.12.2021;8.5114;8789301
30.11.2021;8.4357;22169684
29.11.2021;8.3921;11185564
26.11.2021;8.4054;18701535
25.11.2021;8.7083;5352219
24.11.2021;8.7329;6636725
23.11.2021;8.6666;10654506
22.11.2021;8.5815;11672263
19.11.2021;8.661;17449677
18.11.2021;8.8711;8166426
17.11.2021;9.0301;13243693
16.11.2021;8.784;13028798
15.11.2021;8.8408;7307457
12.11.2021;8.8238;7416908
11.11.2021;8.8105;8119106
10.11.2021;8.8616;9262772
09.11.2021;8.8484;9341730
08.11.2021;8.9677;9117406
05.11.2021;8.8938;11929846
04.11.2021;8.9184;19269392
03.11.2021;9.3709;12677242
02.11.2021;9.5365;7569205
01.11.2021;9.5318;19499315
29.10.2021;9.0226;5608376
28.10.2021;9.0888;8411152
27.10.2021;9.2535;5403485
26.10.2021;9.3482;6618306
25.10.2021;9.244;4987260
22.10.2021;9.1153;4159466
21.10.2021;9.0775;5760493
20.10.2021;9.104;8820837
19.10.2021;9.263;6408858
18.10.2021;9.1589;6193076
15.10.2021;9.2687;10279317
14.10.2021;9.0945;6984321
13.10.2021;8.979;8598330
12.10.2021;9.1342;6209690
11.10.2021;9.1494;6934535
08.10.2021;9.1191;7737263
07.10.2021;9.0131;12144249
06.10.2021;8.6837;8672588
05.10.2021;8.7821;7922326
04.10.2021;8.6572;7602548
01.10.2021;8.6969;8322869
30.09.2021;8.7973;8474988
29.09.2021;8.8484;7127396
28.09.2021;8.82;11006979
27.09.2021;8.9165;11146108
24.09.2021;8.7026;6600424
23.09.2021;8.6231;9002598
22.09.2021;8.4641;10248954
21.09.2021;8.2502;14024417
20.09.2021;8.3164;31648704
17.09.2021;8.996;19998206
16.09.2021;8.9998;7014156
15.09.2021;8.9241;13673558
14.09.2021;9.1437;7435041
13.09.2021;9.2592;7356502
10.09.2021;9.1267;8432938
09.09.2021;9.263;10548680
08.09.2021;9.1437;8819297
07.09.2021;9.2422;5718643
06.09.2021;9.2478;6359308
03.09.2021;9.1683;10571735
02.09.2021;9.2156;5394609
01.09.2021;9.2194;11435904
31.08.2021;9.1948;17600216
30.08.2021;9.2024;5455777
27.08.2021;9.1854;5789662
26.08.2021;9.2251;6966778
25.08.2021;9.3027;13707074
24.08.2021;9.0188;6660791
23.08.2021;8.926;5913851
20.08.2021;8.8465;7923669
19.08.2021;8.873;10313015
18.08.2021;9.0396;7694030
17.08.2021;8.9279;7882587
16.08.2021;8.9203;8124278
13.08.2021;9.0263;5801346
12.08.2021;9.0964;6795623
11.08.2021;9.138;7108711
10.08.2021;9.1759;5785134
09.08.2021;9.1721;6943301
06.08.2021;9.1248;10698245
05.08.2021;8.9487;7532443
04.08.2021;8.8597;7692640
03.08.2021;8.8597;9847537
02.08.2021;8.837;13356366
30.07.2021;8.6193;9525102
29.07.2021;8.6231;18308641
28.07.2021;8.7973;6716884
27.07.2021;8.8692;7316369
26.07.2021;8.9203;8652131
23.07.2021;8.7651;8031998
22.07.2021;8.678;6561272
21.07.2021;8.7329;10814762
20.07.2021;8.5493;12265500
19.07.2021;8.3297;16787208
16.07.2021;8.5247;10244199
15.07.2021;8.5682;10627385
14.07.2021;8.5625;9734880
13.07.2021;8.6307;10247561
12.07.2021;8.7518;9752660
09.07.2021;8.6988;10254740
08.07.2021;8.6269;13689890
07.07.2021;8.8579;10906924
06.07.2021;8.9544;9496769
05.07.2021;9.2043;6434254
02.07.2021;9.0869;8264002
01.07.2021;9.2497;6949961
30.06.2021;9.174;7884325
29.06.2021;9.2062;9721288
28.06.2021;9.1759;10220913
25.06.2021;9.3217;14677573
24.06.2021;9.1513;13292378
23.06.2021;8.9014;8123657
22.06.2021;8.873;8300338
21.06.2021;8.9014;10569831
18.06.2021;8.9052;45690135
17.06.2021;9.0964;13287167
16.06.2021;9.068;8956253
15.06.2021;9.121;7065727
14.06.2021;9.0623;6252913
11.06.2021;9.0888;8880269
10.06.2021;9.0812;8211886
09.06.2021;9.1475;7882177
08.06.2021;9.2346;12171717
07.06.2021;9.3898;7332388
04.06.2021;9.4353;7748022
03.06.2021;9.4703;8007294
02.06.2021;9.3917;5951177
01.06.2021;9.3993;10094189
31.05.2021;9.2762;6161959
28.05.2021;9.3273;11741357
27.05.2021;9.2422;17967717
26.05.2021;9.0869;9665614
25.05.2021;9.1324;12415230
21.05.2021;9.0547;12231331
20.05.2021;9.0055;13862393
19.05.2021;8.7992;11508555
18.05.2021;8.8692;7688258
17.05.2021;8.8825;11129344
14.05.2021;8.8105;12884963
12.05.2021;8.7329;11239694
11.05.2021;8.5777;14787284
10.05.2021;8.6894;16155500
07.05.2021;8.7594;18927527
06.05.2021;8.8048;17126259
05.05.2021;8.8862;15172624
04.05.2021;8.8105;14834985
03.05.2021;9.1096;10113630
30.04.2021;9.0358;12728560
29.04.2021;9.138;18110520
28.04.2021;9.2138;18245767
27.04.2021;9.0699;26279067
26.04.2021;8.8881;22213949
23.04.2021;8.8881;28811369
22.04.2021;8.6932;53037301
21.04.2021;8.8806;19222807
20.04.2021;8.926;18833484
19.04.2021;9.2384;10289669
16.04.2021;9.3709;10982804
15.04.2021;9.2781;13342719
14.04.2021;9.3008;18566575
13.04.2021;9.2895;16350672
12.04.2021;9.3046;18025902
09.04.2021;9.2724;31224873
08.04.2021;9.4939;16074549
07.04.2021;9.546;21016124
06.04.2021;9.5791;40157166
01.04.2021;9.617;23890051
31.03.2021;9.3728;39691587
30.03.2021;9.8584;46500653
29.03.2021;10.1707;76936659
26.03.2021;11.8035;8686984
25.03.2021;11.6615;13490775
24.03.2021;11.5811;7994347
23.03.2021;11.5196;10048734
22.03.2021;11.477;12212687
19.03.2021;11.5196;24648450
18.03.2021;11.6757;13822242
17.03.2021;11.387;15131204
16.03.2021;11.2829;14966174
15.03.2021;11.3161;12391928
12.03.2021;11.4344;21419832
11.03.2021;11.7278;17470263
10.03.2021;12.2153;12900178
09.03.2021;12.2863;11306843
08.03.2021;12.2957;10234713
05.03.2021;12.0686;11457239
04.03.2021;12.2768;8595904
03.03.2021;12.3099;13213126
02.03.2021;12.3383;14629452
01.03.2021;12.6649;7651251
26.02.2021;12.4235;12417237
25.02.2021;12.6365;8717995
24.02.2021;12.5418;12797654
23.02.2021;12.2721;11562194
22.02.2021;12.097;9848197
19.02.2021;11.9124;10140753
18.02.2021;11.6331;11293311
17.02.2021;12.0212;6779630
16.02.2021;12.097;7250385
15.02.2021;12.007;7531882
12.02.2021;11.6663;4231845
11.02.2021;11.6379;4397334
10.02.2021;11.6805;5010493
09.02.2021;11.6426;5154547
08.02.2021;11.6899;5979270
05.02.2021;11.6379;6767800
04.02.2021;11.671;9613677
03.02.2021;11.4391;8454705
02.02.2021;11.4391;8985526
01.02.2021;11.1646;9962814
29.01.2021;11.1267;13810453
28.01.2021;11.3586;14960520
27.01.2021;11.1646;20540752
26.01.2021;11.3586;14815550
25.01.2021;11.3586;14372714
22.01.2021;11.529;10147711
21.01.2021;11.5811;7357849
20.01.2021;11.6;7066287
19.01.2021;11.5196;9183474
18.01.2021;11.6899;5640978
15.01.2021;11.6899;14794264
14.01.2021;11.7467;6773809
13.01.2021;11.7136;8361448
12.01.2021;11.8319;14148510
11.01.2021;11.529;9979093
08.01.2021;11.4533;16329605
07.01.2021;11.884;16542618
06.01.2021;11.529;17903764
05.01.2021;10.9232;10679548
04.01.2021;10.7907;9639525
30.12.2020;10.7907;6116704
29.12.2020;10.7954;6399260
28.12.2020;10.8522;5295942
23.12.2020;10.7481;9435032
22.12.2020;10.379;8740109
21.12.2020;10.2748;12739221
18.12.2020;10.5777;13950466
17.12.2020;10.7055;10341521
16.12.2020;10.6866;11758274
15.12.2020;10.6677;8522828
14.12.2020;10.5257;8283775
11.12.2020;10.5162;8655580
10.12.2020;10.7434;13148187
09.12.2020;10.999;7232969
08.12.2020;10.9706;9176783
07.12.2020;11.1173;10675071
04.12.2020;11.1835;12559817
03.12.2020;11.0368;13186617
02.12.2020;11.0416;12331880
01.12.2020;11.0179;9411663
30.11.2020;10.8664;12729304
27.11.2020;11.0889;7600622
26.11.2020;11.0321;6974405
25.11.2020;11.1315;14595326
24.11.2020;11.2167;15918455
23.11.2020;10.8002;12120133
20.11.2020;10.5635;8927557
19.11.2020;10.5067;8535972
18.11.2020;10.5777;9335340
17.11.2020;10.573;13039075
16.11.2020;10.4594;14851609
13.11.2020;10.1613;10823159
12.11.2020;10.0619;12499812
11.11.2020;10.1565;17036522
10.11.2020;10.1755;31062953
09.11.2020;9.7306;25317887
06.11.2020;9.0642;13399501
05.11.2020;9.0263;14541309
04.11.2020;8.8313;15472139
03.11.2020;8.8313;13060944
02.11.2020;8.4281;13269464
30.10.2020;8.1631;19216881
29.10.2020;8.1423;30560188
28.10.2020;8.6212;16944473
27.10.2020;8.9468;10583850
26.10.2020;9.1816;11113913
23.10.2020;9.3501;15553797
22.10.2020;9.1021;9927404
21.10.2020;9.1626;9980533
20.10.2020;9.333;17752247
19.10.2020;9.2914;16846058
16.10.2020;8.9014;11885223
15.10.2020;8.803;9214746
14.10.2020;9.0207;7471416
13.10.2020;9.1153;11319007
12.10.2020;9.138;8134342
09.10.2020;9.0604;7692093
08.10.2020;9.1759;10529511
07.10.2020;9.1361;8096863
06.10.2020;9.1153;10876213
05.10.2020;8.9714;8946975
02.10.2020;8.7651;8071803
01.10.2020;8.6704;6993488
30.09.2020;8.7499;10531894
29.09.2020;8.5871;6890191
28.09.2020;8.7499;10682168
25.09.2020;8.2975;13046577
24.09.2020;8.4357;14513611
23.09.2020;8.6212;11964677
22.09.2020;8.6326;13984444
21.09.2020;8.6837;19795946
18.09.2020;9.2687;40509885
17.09.2020;9.4987;12439434
16.09.2020;9.5839;11964799
15.09.2020;9.4428;14436889
14.09.2020;9.7116;28310893
11.09.2020;9.3084;8893618
10.09.2020;9.3747;9614878
09.09.2020;9.3804;12340875
08.09.2020;9.1835;15406853
07.09.2020;9.4892;8661341
04.09.2020;9.4087;14163924
03.09.2020;9.5365;20082809
02.09.2020;9.4655;12446511
01.09.2020;9.3785;10400628
31.08.2020;9.4031;8424303
28.08.2020;9.5413;9841689
27.08.2020;9.6123;6474761
26.08.2020;9.6785;6389687
25.08.2020;9.5697;8311130
24.08.2020;9.6359;9880828
21.08.2020;9.4987;7146763
20.08.2020;9.5129;7116168
19.08.2020;9.759;5929335
18.08.2020;9.5555;9720006
17.08.2020;9.7542;6178652
14.08.2020;9.8726;8489461
13.08.2020;9.9057;10375465
12.08.2020;10.0997;16874963
11.08.2020;9.9246;12997743
10.08.2020;9.7022;11603875
07.08.2020;9.4144;7330895
06.08.2020;9.4892;10465583
05.08.2020;9.5176;8911496
04.08.2020;9.475;13952992
03.08.2020;9.4542;12866424
31.07.2020;9.1948;19397185
30.07.2020;8.9582;15962765
29.07.2020;9.1002;10822747
28.07.2020;9.1873;9036805
27.07.2020;9.2952;8177988
24.07.2020;9.2971;7789499
23.07.2020;9.3482;9463442
22.07.2020;9.5413;10916006
21.07.2020;9.6217;16056785
20.07.2020;9.5129;8667041
17.07.2020;9.5176;8856932
16.07.2020;9.6075;8866630
15.07.2020;9.6312;13304117
14.07.2020;9.5365;16031204
13.07.2020;9.4277;10450089
10.07.2020;9.333;12163013
09.07.2020;9.1418;10401451
08.07.2020;9.3103;9222040
07.07.2020;9.3747;8724901
06.07.2020;9.546;8406062
03.07.2020;9.3255;6273755
02.07.2020;9.3671;14738124
01.07.2020;9.1513;10641565
30.06.2020;9.2743;9764683
29.06.2020;9.21;10674194
26.06.2020;9.0756;13693615
25.06.2020;9.104;13315384
24.06.2020;8.9866;15400053
23.06.2020;9.3804;18345214
22.06.2020;9.191;10272905
19.06.2020;9.244;29334341
18.06.2020;9.2535;19906982
17.06.2020;9.2724;12621537
16.06.2020;9.2289;19966406
15.06.2020;8.9052;16376337
12.06.2020;8.9468;16399317
11.06.2020;8.9563;25476613
10.06.2020;9.5981;20575718
09.06.2020;9.6359;24953627
08.06.2020;9.8962;23991029
05.06.2020;9.6643;25029334
04.06.2020;9.1816;21951690
03.06.2020;9.2876;29491026
02.06.2020;8.731;19927620
29.05.2020;8.2994;29022310
28.05.2020;8.642;30621698
27.05.2020;8.4149;32199324
26.05.2020;7.9851;21233393
25.05.2020;7.7087;7802828
22.05.2020;7.5535;15317424
20.05.2020;7.792;15349198
19.05.2020;7.7845;20418258
18.05.2020;7.7144;18553624
15.05.2020;7.0083;14320119
14.05.2020;7.0651;24291282
13.05.2020;7.1389;20190726
12.05.2020;7.4721;13757664
11.05.2020;7.5308;13292795
08.05.2020;7.7182;9380090
07.05.2020;7.7466;14146305
06.05.2020;7.5705;18127722
05.05.2020;7.6822;23560142
04.05.2020;7.758;18055891
30.04.2020;8.2596;20318560
29.04.2020;8.714;24660936
28.04.2020;8.2237;29693142
27.04.2020;7.6671;17708418
24.04.2020;7.332;16353755
23.04.2020;7.4588;21391610
22.04.2020;7.2923;14955233
21.04.2020;7.2241;13721349
20.04.2020;7.5497;13021446
17.04.2020;7.5024;20663101
16.04.2020;7.2222;21323342
15.04.2020;7.4077;18590754
14.04.2020;7.9529;17403268
09.04.2020;8.1574;23057998
08.04.2020;7.7239;13551685
07.04.2020;7.8772;20923417
06.04.2020;7.6217;18028420
03.04.2020;7.2184;13075945
02.04.2020;7.3017;18910673
01.04.2020;7.1578;14615858
31.03.2020;7.5724;20549554
30.03.2020;7.5705;15707690
27.03.2020;7.6217;23330975
26.03.2020;8.1991;26768439
25.03.2020;7.7277;27718998
24.03.2020;7.2979;32648371
23.03.2020;6.3495;31050402
20.03.2020;6.6618;55173571
19.03.2020;6.9534;40491923
18.03.2020;6.27;45644853
17.03.2020;6.4385;29402185
16.03.2020;6.2567;40802021
13.03.2020;6.9042;54421138
12.03.2020;6.9818;50738779
11.03.2020;8.3145;27608805
10.03.2020;8.3051;41747664
09.03.2020;8.0911;43346681
06.03.2020;9.2857;32806008
05.03.2020;9.6785;24453077
04.03.2020;10.0003;20698566
03.03.2020;9.9861;29791547
02.03.2020;10.1281;34499990
28.02.2020;10.2322;40259217
27.02.2020;10.7813;33013525
26.02.2020;11.4675;22065152
25.02.2020;11.6284;18790867
24.02.2020;12.0307;24054771
21.02.2020;12.6744;17519810
20.02.2020;12.84;12100137
19.02.2020;12.84;10175958
18.02.2020;12.7217;9643598
17.02.2020;12.7785;8365713
14.02.2020;12.7359;14939515
13.02.2020;12.6744;24979368
12.02.2020;12.6554;14554966
11.02.2020;12.485;15340500
10.02.2020;12.2247;16953285
07.02.2020;12.1254;31703157
06.02.2020;12.097;9483692
05.02.2020;11.936;9190191
04.02.2020;11.7562;8982798
03.02.2020;11.529;11185744
31.01.2020;11.5622;15691055
30.01.2020;11.7609;15141285
29.01.2020;12.1159;7345587
28.01.2020;12.0165;9835789
27.01.2020;12.0402;14321111
24.01.2020;12.4945;7418073
23.01.2020;12.3667;12131705
22.01.2020;12.4708;10754250
21.01.2020;12.6128;9164048
20.01.2020;12.7737;8669531
17.01.2020;12.7501;9315349
16.01.2020;12.7643;8564005
15.01.2020;12.698;10711010
14.01.2020;12.9394;10205395
13.01.2020;12.7785;8587959
10.01.2020;12.7595;6512520
09.01.2020;12.8637;8682227
08.01.2020;12.8731;14199679
07.01.2020;12.7785;15453641
06.01.2020;12.4614;12487125
03.01.2020;12.4567;10472963
30.12.2019;12.4046;6073900
27.12.2019;12.4519;6270850
23.12.2019;12.3762;7669446
20.12.2019;12.4945;19530333
19.12.2019;12.6128;9756882
18.12.2019;12.7217;12411013
17.12.2019;12.7122;11864488
16.12.2019;12.6791;12232164
13.12.2019;12.4188;19801542
12.12.2019;12.4614;14840606
11.12.2019;12.1159;6542755
10.12.2019;12.22;8109816
09.12.2019;12.3289;7214845
06.12.2019;12.2957;6906043
05.12.2019;12.1348;7245010
04.12.2019;12.1254;9361342
03.12.2019;11.9313;12704091
02.12.2019;12.2863;9393728
29.11.2019;12.4046;7199479
28.11.2019;12.5513;4361495
27.11.2019;12.5939;8523309
26.11.2019;12.4992;12520131
25.11.2019;12.5892;10432965
22.11.2019;12.5087;14418727
21.11.2019;12.3383;9802137
20.11.2019;12.2815;9776780
19.11.2019;12.2626;10740324
18.11.2019;12.2011;10528347
15.11.2019;12.2389;10921103
14.11.2019;12.0354;8886028
13.11.2019;12.0686;11874671
12.11.2019;12.3525;10258021
11.11.2019;12.3194;9954958
08.11.2019;12.3478;11712454
07.11.2019;12.485;12390904
06.11.2019;12.2626;12567751
05.11.2019;12.2957;14292408
04.11.2019;12.2295;16580281
01.11.2019;11.8035;12086473
31.10.2019;11.5764;15907163
30.10.2019;11.7183;18560848
29.10.2019;12.0354;9377103
28.10.2019;12.0402;12743613
25.10.2019;11.8603;7879076
24.10.2019;11.7893;7401191
23.10.2019;11.8225;5981095
22.10.2019;11.7515;10280986
21.10.2019;11.7562;10639424
18.10.2019;11.5148;8219623
17.10.2019;11.6;9676429
16.10.2019;11.7278;11922100
15.10.2019;11.5906;9119732
14.10.2019;11.335;8752001
11.10.2019;11.4107;15426337
10.10.2019;10.9895;13411188
09.10.2019;10.8096;12415702
08.10.2019;10.7954;14711819
07.10.2019;10.8617;11484584
04.10.2019;10.7907;11354315
03.10.2019;10.8002;16389399
02.10.2019;11.0084;17133738
01.10.2019;11.2498;16009504
30.09.2019;11.5811;13512422
27.09.2019;11.4722;11443183
26.09.2019;11.5385;9903036
25.09.2019;11.4817;17968259
24.09.2019;11.7041;10156115
23.09.2019;11.8367;13175822
20.09.2019;12.1774;16923658
19.09.2019;12.2105;12729523
18.09.2019;12.0118;8824715
17.09.2019;11.9881;11430058
16.09.2019;12.1869;17790509
13.09.2019;12.3999;20335198
12.09.2019;12.1443;20884648
11.09.2019;12.2863;20971415
10.09.2019;12.0922;31898487
09.09.2019;11.8225;13234982
06.09.2019;11.5385;12630971
05.09.2019;11.4344;15309822
04.09.2019;11.0179;8367846
03.09.2019;10.9043;10049490
02.09.2019;11.0321;6924582
30.08.2019;10.9469;14043064
29.08.2019;10.7813;10538922
28.08.2019;10.6109;7798877
27.08.2019;10.5919;8794754
26.08.2019;10.6109;7857551
23.08.2019;10.6251;10072656
22.08.2019;10.7339;9587452
21.08.2019;10.5777;6869048
20.08.2019;10.502;8092382
19.08.2019;10.6014;10415235
16.08.2019;10.4594;14473044
15.08.2019;10.2796;16202459
14.08.2019;10.1944;17891295
13.08.2019;10.5683;16440733
12.08.2019;10.4594;12538709
09.08.2019;10.6345;15343845
08.08.2019;10.6724;12319690
07.08.2019;10.4547;15516459
06.08.2019;10.5635;15686061
05.08.2019;10.6251;17381201
02.08.2019;10.8712;26931717
31.07.2019;11.387;22699683
30.07.2019;11.122;14476634
29.07.2019;11.4012;6425694
26.07.2019;11.3918;11281141
25.07.2019;11.4722;16187669
24.07.2019;11.5906;14452536
23.07.2019;11.7562;14436309
22.07.2019;11.4722;8394516
19.07.2019;11.4912;10721543
18.07.2019;11.6237;11957271
17.07.2019;11.619;12138313
16.07.2019;11.7325;14933378
15.07.2019;11.5054;10012607
12.07.2019;11.4864;23316168
11.07.2019;11.4249;12588889
10.07.2019;11.3113;20313534
09.07.2019;11.2593;11436876
08.07.2019;11.3634;12078790
05.07.2019;11.4912;14146115
04.07.2019;11.3823;8811176
03.07.2019;11.3161;10065399
02.07.2019;11.1693;13422021
01.07.2019;11.2403;11123203
28.06.2019;11.0794;9802231
27.06.2019;11.122;11273479
26.06.2019;10.8854;9746266
25.06.2019;10.7197;6471563
24.06.2019;10.7671;8915677
21.06.2019;10.8854;18260409
20.06.2019;10.9422;10027240
19.06.2019;11.1835;8289007
18.06.2019;11.051;12451999
17.06.2019;10.8286;7380062
14.06.2019;10.7576;6527760
13.06.2019;10.857;7008079
12.06.2019;10.8806;10333646
11.06.2019;11.0699;11444715
07.06.2019;10.7813;11589771
06.06.2019;10.8333;11182298
05.06.2019;11.0368;9930047
04.06.2019;10.9706;13973189
03.06.2019;10.6771;11263870
31.05.2019;10.7813;11666337
29.05.2019;10.8854;11729107
28.05.2019;11.0605;9352868
27.05.2019;11.0841;5530608
24.05.2019;11.0179;7054300
23.05.2019;11.0084;12379515
22.05.2019;11.2782;9114528
21.05.2019;11.3776;8614816
20.05.2019;11.2498;11286010
17.05.2019;11.3965;14326492
16.05.2019;11.4628;12239981
15.05.2019;11.387;14227417
14.05.2019;11.3728;10099327
13.05.2019;11.3019;17178014
10.05.2019;11.7373;9950544
09.05.2019;11.7278;17146116
08.05.2019;12.1348;10603657
07.05.2019;12.1017;12492580
06.05.2019;12.2626;16751580
03.05.2019;12.5087;12114488
02.05.2019;12.8069;18001101
30.04.2019;12.8731;16468291
29.04.2019;13.0719;11845332
26.04.2019;12.9205;11182831
25.04.2019;12.9394;13400153
24.04.2019;12.7974;15153198
23.04.2019;12.7879;13628712
18.04.2019;12.9489;12997827
17.04.2019;12.9489;17390220
16.04.2019;12.5986;14767571
15.04.2019;12.3573;14183440
12.04.2019;12.22;19505075
11.04.2019;11.8698;11935473
10.04.2019;11.5716;7657936
09.04.2019;11.6095;8395905
08.04.2019;11.5527;8156076
05.04.2019;11.6237;8825312
04.04.2019;11.6994;10090679
03.04.2019;11.5574;12338990
02.04.2019;11.3776;7697021
01.04.2019;11.3066;12377013
29.03.2019;10.9848;10588648
28.03.2019;10.7813;8078562
27.03.2019;10.8522;13103976
26.03.2019;10.715;10059439
25.03.2019;10.7907;12147838
22.03.2019;10.838;16034413
21.03.2019;11.1883;13257912
20.03.2019;11.4107;17733852
19.03.2019;11.7988;8679365
18.03.2019;11.7136;9603721
15.03.2019;11.4391;25156847
14.03.2019;11.4628;10837976
13.03.2019;11.3776;8606362
12.03.2019;11.2687;13166605
11.03.2019;11.4107;6692684
08.03.2019;11.2025;11179642
07.03.2019;11.3539;14716853
06.03.2019;11.6095;11866981
05.03.2019;11.6048;19637938
04.03.2019;11.813;11835294
01.03.2019;11.7089;11704559
28.02.2019;11.6852;10364641
27.02.2019;11.671;9658280
26.02.2019;11.5622;9727152
25.02.2019;11.4817;13126427
22.02.2019;11.264;9028280
21.02.2019;11.2829;10488769
20.02.2019;11.387;15082256
19.02.2019;11.2214;10453855
18.02.2019;11.3208;13792642
15.02.2019;11.122;22008991
14.02.2019;10.98;18900464
13.02.2019;11.3681;11874247
12.02.2019;11.3161;7884626
11.02.2019;11.1267;8382566
08.02.2019;11.0084;12194313
07.02.2019;11.2403;9726575
06.02.2019;11.5101;9004917
05.02.2019;11.4912;11950471
04.02.2019;11.2356;9433370
01.02.2019;11.3444;10106720
31.01.2019;11.3728;17499819
30.01.2019;11.7609;7376586
29.01.2019;11.6568;10526087
28.01.2019;11.5622;14119728
25.01.2019;11.7562;10201689
24.01.2019;11.6331;11857664
23.01.2019;11.5764;11932813
22.01.2019;11.5574;17349305
21.01.2019;11.5385;8454398
18.01.2019;11.5858;14896323
17.01.2019;11.3397;12945491
16.01.2019;11.4533;13572757
15.01.2019;11.0368;7947572
14.01.2019;11.0274;7026049
11.01.2019;11.0416;9499805
10.01.2019;10.9422;11896505
09.01.2019;10.7197;11755882
08.01.2019;10.7008;9701932
07.01.2019;10.5777;10016894
04.01.2019;10.5399;15734558
03.01.2019;10.2606;11390314
28.12.2018;10.2228;10431825
